{
  "Version": 1,
  "ManifestType": "Publish",
  "Endpoints": [
    {
      "Route": "Chat.App.gmdo96rj45.styles.css",
      "AssetFile": "Chat.App.styles.css",
      "Selectors": [],
      "ResponseHeaders": [
        {
          "Name": "Accept-Ranges",
          "Value": "bytes"
        },
        {
          "Name": "Cache-Control",
          "Value": "max-age=31536000, immutable"
        },
        {
          "Name": "Content-Length",
          "Value": "2183"
        },
        {
          "Name": "Content-Type",
          "Value": "text/css"
        },
        {
          "Name": "ETag",
          "Value": "\"+EsVd2X8OdUr0Kq+Y8TzPmidHTNc/SZIyiQjV8pyTCI=\""
        },
        {
          "Name": "Last-Modified",
          "Value": "Tue, 28 Jan 2025 13:35:03 GMT"
        }
      ],
      "EndpointProperties": [
        {
          "Name": "fingerprint",
          "Value": "gmdo96rj45"
        },
        {
          "Name": "integrity",
          "Value": "sha256-+EsVd2X8OdUr0Kq+Y8TzPmidHTNc/SZIyiQjV8pyTCI="
        },
        {
          "Name": "label",
          "Value": "Chat.App.styles.css"
        }
      ]
    },
    {
      "Route": "Chat.App.styles.css",
      "AssetFile": "Chat.App.styles.css",
      "Selectors": [],
      "ResponseHeaders": [
        {
          "Name": "Accept-Ranges",
          "Value": "bytes"
        },
        {
          "Name": "Cache-Control",
          "Value": "no-cache"
        },
        {
          "Name": "Content-Length",
          "Value": "2183"
        },
        {
          "Name": "Content-Type",
          "Value": "text/css"
        },
        {
          "Name": "ETag",
          "Value": "\"+EsVd2X8OdUr0Kq+Y8TzPmidHTNc/SZIyiQjV8pyTCI=\""
        },
        {
          "Name": "Last-Modified",
          "Value": "Tue, 28 Jan 2025 13:35:03 GMT"
        }
      ],
      "EndpointProperties": [
        {
          "Name": "integrity",
          "Value": "sha256-+EsVd2X8OdUr0Kq+Y8TzPmidHTNc/SZIyiQjV8pyTCI="
        }
      ]
    },
    {
      "Route": "style.css",
      "AssetFile": "style.css",
      "Selectors": [],
      "ResponseHeaders": [
        {
          "Name": "Accept-Ranges",
          "Value": "bytes"
        },
        {
          "Name": "Cache-Control",
          "Value": "no-cache"
        },
        {
          "Name": "Content-Length",
          "Value": "3659"
        },
        {
          "Name": "Content-Type",
          "Value": "text/css"
        },
        {
          "Name": "ETag",
          "Value": "\"dfyu4VNqgtCy1tDif8EMFN1zOzF5a+h3w3EdmRFgiJM=\""
        },
        {
          "Name": "Last-Modified",
          "Value": "Mon, 27 Jan 2025 01:27:09 GMT"
        }
      ],
      "EndpointProperties": [
        {
          "Name": "integrity",
          "Value": "sha256-dfyu4VNqgtCy1tDif8EMFN1zOzF5a+h3w3EdmRFgiJM="
        }
      ]
    },
    {
      "Route": "style.jq5q8rtt4z.css",
      "AssetFile": "style.css",
      "Selectors": [],
      "ResponseHeaders": [
        {
          "Name": "Accept-Ranges",
          "Value": "bytes"
        },
        {
          "Name": "Cache-Control",
          "Value": "max-age=31536000, immutable"
        },
        {
          "Name": "Content-Length",
          "Value": "3659"
        },
        {
          "Name": "Content-Type",
          "Value": "text/css"
        },
        {
          "Name": "ETag",
          "Value": "\"dfyu4VNqgtCy1tDif8EMFN1zOzF5a+h3w3EdmRFgiJM=\""
        },
        {
          "Name": "Last-Modified",
          "Value": "Mon, 27 Jan 2025 01:27:09 GMT"
        }
      ],
      "EndpointProperties": [
        {
          "Name": "fingerprint",
          "Value": "jq5q8rtt4z"
        },
        {
          "Name": "integrity",
          "Value": "sha256-dfyu4VNqgtCy1tDif8EMFN1zOzF5a+h3w3EdmRFgiJM="
        },
        {
          "Name": "label",
          "Value": "style.css"
        }
      ]
    }
  ]
}