{
  "Version": 1,
  "ManifestType": "Publish",
  "Endpoints": [
    {
      "Route": "Chat.App.gmdo96rj45.styles.css",
      "AssetFile": "Chat.App.styles.css",
      "Selectors": [],
      "ResponseHeaders": [
        {
          "Name": "Accept-Ranges",
          "Value": "bytes"
        },
        {
          "Name": "Cache-Control",
          "Value": "max-age=31536000, immutable"
        },
        {
          "Name": "Content-Length",
          "Value": "2183"
        },
        {
          "Name": "Content-Type",
          "Value": "text/css"
        },
        {
          "Name": "ETag",
          "Value": "\"+EsVd2X8OdUr0Kq+Y8TzPmidHTNc/SZIyiQjV8pyTCI=\""
        },
        {
          "Name": "Last-Modified",
          "Value": "Sun, 26 Jan 2025 20:34:38 GMT"
        }
      ],
      "EndpointProperties": [
        {
          "Name": "fingerprint",
          "Value": "gmdo96rj45"
        },
        {
          "Name": "integrity",
          "Value": "sha256-+EsVd2X8OdUr0Kq+Y8TzPmidHTNc/SZIyiQjV8pyTCI="
        },
        {
          "Name": "label",
          "Value": "Chat.App.styles.css"
        }
      ]
    },
    {
      "Route": "Chat.App.styles.css",
      "AssetFile": "Chat.App.styles.css",
      "Selectors": [],
      "ResponseHeaders": [
        {
          "Name": "Accept-Ranges",
          "Value": "bytes"
        },
        {
          "Name": "Cache-Control",
          "Value": "no-cache"
        },
        {
          "Name": "Content-Length",
          "Value": "2183"
        },
        {
          "Name": "Content-Type",
          "Value": "text/css"
        },
        {
          "Name": "ETag",
          "Value": "\"+EsVd2X8OdUr0Kq+Y8TzPmidHTNc/SZIyiQjV8pyTCI=\""
        },
        {
          "Name": "Last-Modified",
          "Value": "Sun, 26 Jan 2025 20:34:38 GMT"
        }
      ],
      "EndpointProperties": [
        {
          "Name": "integrity",
          "Value": "sha256-+EsVd2X8OdUr0Kq+Y8TzPmidHTNc/SZIyiQjV8pyTCI="
        }
      ]
    },
    {
      "Route": "style.css",
      "AssetFile": "style.css",
      "Selectors": [],
      "ResponseHeaders": [
        {
          "Name": "Accept-Ranges",
          "Value": "bytes"
        },
        {
          "Name": "Cache-Control",
          "Value": "no-cache"
        },
        {
          "Name": "Content-Length",
          "Value": "3890"
        },
        {
          "Name": "Content-Type",
          "Value": "text/css"
        },
        {
          "Name": "ETag",
          "Value": "\"oFpsTH8JQ5Dy82FIN0/u68fvSPNe08fbylwuphyeIzU=\""
        },
        {
          "Name": "Last-Modified",
          "Value": "Sun, 26 Jan 2025 09:56:15 GMT"
        }
      ],
      "EndpointProperties": [
        {
          "Name": "integrity",
          "Value": "sha256-oFpsTH8JQ5Dy82FIN0/u68fvSPNe08fbylwuphyeIzU="
        }
      ]
    },
    {
      "Route": "style.gwt4pviqg9.css",
      "AssetFile": "style.css",
      "Selectors": [],
      "ResponseHeaders": [
        {
          "Name": "Accept-Ranges",
          "Value": "bytes"
        },
        {
          "Name": "Cache-Control",
          "Value": "max-age=31536000, immutable"
        },
        {
          "Name": "Content-Length",
          "Value": "3890"
        },
        {
          "Name": "Content-Type",
          "Value": "text/css"
        },
        {
          "Name": "ETag",
          "Value": "\"oFpsTH8JQ5Dy82FIN0/u68fvSPNe08fbylwuphyeIzU=\""
        },
        {
          "Name": "Last-Modified",
          "Value": "Sun, 26 Jan 2025 09:56:15 GMT"
        }
      ],
      "EndpointProperties": [
        {
          "Name": "fingerprint",
          "Value": "gwt4pviqg9"
        },
        {
          "Name": "integrity",
          "Value": "sha256-oFpsTH8JQ5Dy82FIN0/u68fvSPNe08fbylwuphyeIzU="
        },
        {
          "Name": "label",
          "Value": "style.css"
        }
      ]
    }
  ]
}